First Name,Last Name,Date of Birth,Salary
Caitlyn,Edwards,1990-04-20,71904
Alexander,Jones,1979-05-27,74410
Sadie,Jones,1972-10-01,44688
Riley,Harris,1991-03-26,89633
Sophie,Lopez,1975-07-17,33212
Zoe,King,1988-03-20,77824
Brooklyn,Green,1980-05-02,56072
Connor,Rivera,1987-07-19,40839
Eliana,Nguyen,1986-12-11,39935
Zoe,Lopez,1981-08-13,57143
Nevaeh,Wilson,1992-07-16,50505
Hannah,Anderson,1987-05-07,55499
Makayla,Taylor,1987-06-12,84755
Caitlyn,Williams,1987-08-08,43024
Sophia,Rivera,1983-08-08,72086
Natalie,Rivera,1981-11-26,40020
Kaitlyn,Nguyen,1976-03-02,78680
Kaitlyn,Nguyen,1978-05-22,89918
Sofia,Lopez,1975-06-14,62050
Zoe,Walker,1974-05-09,41119
Lucas,Nguyen,1972-08-23,75976
Zoe,Rivera,1971-12-10,40029
Makayla,Green,1974-05-28,52762
Kaylee,Williams,1988-06-16,46355
Sadie,Wilson,1978-06-02,52238
Eliana,Young,1988-10-13,75575
Makayla,Jones,1991-05-09,81410
Ethan,Jones,1991-08-21,55858
Sadie,Nguyen,1971-02-09,76161
Madison,Rivera,1988-03-09,60724
Ethan,Anderson,1976-10-12,39987
Connor,Williams,1990-07-26,61038
Kaitlyn,Walker,1972-11-29,54550
Alexander,Garcia,1983-02-06,65545
Sadie,Garcia,1976-08-29,83826
Makayla,Martin,1985-02-06,33839
Hannah,Martin,1976-05-31,40439
Lucas,Garcia,1986-11-02,53067
Hannah,Wilson,1973-06-09,80509
Eliana,Wilson,1982-10-25,54317
Sofia,Green,1974-11-27,85787
Hannah,King,1982-12-29,86120
Kaylee,Garcia,1990-12-02,73094
Ethan,Williams,1986-05-07,45438
Sadie,Green,1975-09-20,73561
Hannah,King,1979-08-23,89294
Hannah,Walker,1988-05-20,722
Mikayla,Smith,1986-05-21,82370
Giovanni,Barnes,1980-06-17,47094
Shane,Brooks,1987-02-06,42056
Gracelyn,Martinez,1987-06-12,64401
Aaliyah,Perez,1987-11-12,84989
Noah,Torres,1987-05-29,85091
Jayden,Young,1982-03-09,54912
Madalyn,Jackson,1980-02-17,53249
Jasmin,Lopez,1991-08-18,73954
Leah,Ramirez,1983-01-30,90387
Jovanny,Hughes,1992-01-07,98176
Kamryn,Evans,1984-02-22,60289
Darian,Ramirez,1984-09-25,72887
Araceli,Cooper,1982-07-22,83111
Conner,Hernandez,1990-10-16,89389
Sydnee,Adams,1981-12-28,70577
Samantha,Torres,1983-05-11,58792
Rylan,Hernandez,1984-07-13,99248
Ryann,Gonzalez,1989-07-10,85159
Melanie,Garcia,1986-10-23,72757
Makayla,Walker,1989-01-27,94729
Joselyn,Ortega,1981-04-27,97675
Nevaeh,Chavez,1985-10-05,55567
Kian,Parker,1992-09-28,61054
Sergio,Martinez,1984-08-11,50208
Avery,Kim,1981-06-13,54223
Darian,Jackson,1985-03-06,77918
Alexis,Flores,1983-11-18,52650
Samantha,Flores,1984-08-18,92208
Kaitlyn,Nguyen,1991-11-16,71094
Josie,Morris,1983-02-01,82022
Darian,Morales,1980-05-25,84925
Mikayla,Rivera,1987-06-01,86395
Kamryn,Scott,1982-06-26,54828
Isabelle,Hernandez,1987-12-13,75726
Ryder,Young,1989-12-06,94936
Haley,Flores,1987-02-14,82354
Sofia,Garcia,1987-01-10,96055
Raven,Martinez,1984-08-29,98688
Camryn,Rivera,1990-07-22,69117
Bryson,Chavez,1991-02-14,84430
Julia,Lopez,1986-12-27,73010
Isabella,Ortiz,1988-09-10,68566
Mikayla,Green,1990-05-20,92635
Isabella,Hernandez,1990-07-14,71459
John,Doe,1985-01-15,50000
Jane,Smith,1990-05-22,75000
Michael,Johnson,1978-11-03,90000
Emily,Williams,1987-07-12,65000
James,Brown,1992-04-30,55000
Olivia,Davis,1980-08-25,80000
William,Taylor,1982-02-18,70000
Sophia,Walker,1991-09-05,60000
Alexandria,Holt,1992-09-04,74896
Ezra,Randolph,1986-11-25,96473
Kaia,Rocha,1991-02-06,73820
Peyton,Sanders,1984-12-01,96848
Selena,Campos,1990-10-08,72050
Kade,Lawrence,1983-05-20,56307
Javion,Mccoy,1992-08-08,57601
Kaiya,Callahan,1983-03-23,62667
Sariah,Holland,1985-02-22,89336
Maddison,Levy,1988-07-22,76018
Brodie,Cunningham,1991-12-29,75621
Reese,Griffin,1988-09-22,77697
Guillermo,Coffey,1983-02-17,55758
Trevor,Salazar,1986-04-30,77914
Jayda,Manning,1988-12-22,90160
Aaden,Wheeler,1992-03-08,87931
Jaslyn,Doyle,1991-08-25,88073
Jovanny,Huff,1990-03-27,86202
Makenzie,Watson,1983-08-03,76010
Noe,Conner,1991-01-11,55548
Lacey,Mendoza,1984-09-06,72503
Mckayla,Mathews,1982-04-29,56164
Malaysia,Johnston,1985-12-23,69048
Adriana,Pitts,1982-03-25,79198
Alexandro,Peterson,1985-05-01,93091
Jovanny,Dawson,1980-07-02,92602
Mira,Sandoval,1992-10-01,95124
Iliana,Randall,1985-11-12,65741
Kaleb,Golden,1990-11-03,99227
Brooklynn,Henson,1985-03-05,66710
Gracelyn,Hardin,1987-09-22,88730
Savion,Rodriguez,1981-04-06,64257
Adan,Watts,1992-03-02,67495
Beatrice,Boyle,1990-05-12,89688
Niko,Sheppard,1983-06-19,78409
Carley,Carson,1990-06-12,70495
Lena,Crosby,1982-08-23,93210
Finnegan,Rodgers,1985-07-22,58013
Tristin,Stark,1982-06-10,94434
Amina,Gould,1989-06-09,55336
Cristian,Garcia,1991-07-01,58646
Nayeli,Higgins,1990-03-28,88095
Sydnee,Curtis,1986-11-06,70243
Jakob,Lucas,1991-02-15,98053
